,num_preg_True,glucose_conc_True,diastolic_bp_True,thickness_True,insulin_True,bmi_True,diab_pred_True,age_True,skin_True,num_preg_False,glucose_conc_False,diastolic_bp_False,thickness_False,insulin_False,bmi_False,diab_pred_False,age_False,skin_False
count,268.0,268.0,268.0,268.0,268.0,268.0,268.0,268.0,268.0,500.0,500.0,500.0,500.0,500.0,500.0,500.0,500.0,500.0
mean,4.865671641791045,141.25746268656715,70.82462686567165,22.16417910447761,100.33582089552239,35.14253731343284,0.5505,37.06716417910448,0.873268656716418,3.298,109.98,68.184,19.664,68.792,30.3042,0.42973400000000006,31.19,0.7747616
std,3.7412390440415546,31.939622058007203,21.491811650604127,17.679711400465692,138.68912473153497,7.262967242346375,0.3723544835546108,10.968253652367915,0.6965806291783483,3.0171845826218893,26.14119975535359,18.063075413305828,14.889947113744233,98.86528929231788,7.689855011650116,0.29908530435741093,11.667654791631152,0.5866639162815228
min,0.0,0.0,0.0,0.0,0.0,0.0,0.088,21.0,0.0,0.0,0.0,0.0,0.0,0.0,0.0,0.078,21.0,0.0
25%,1.75,119.0,66.0,0.0,0.0,30.8,0.2625,28.0,0.0,1.0,93.0,62.0,0.0,0.0,25.4,0.22975,23.0,0.0
50%,4.0,140.0,74.0,27.0,0.0,34.25,0.449,36.0,1.0638,2.0,107.0,70.0,21.0,39.0,30.05,0.336,27.0,0.8274
75%,8.0,167.0,82.0,36.0,167.25,38.775000000000006,0.728,44.0,1.4184,5.0,125.0,78.0,31.0,105.0,35.3,0.56175,37.0,1.2214
max,17.0,199.0,114.0,99.0,846.0,67.1,2.42,70.0,3.9006,13.0,197.0,122.0,60.0,744.0,57.3,2.329,81.0,2.364
